"species","model","intercept","slope","gof","value"
"SMB","lm",2.85837961087964,0.0245258759868652,"R2",0.771485799253365
"SMB","rq",8.97180914016039,0.0291317803244706,"R1",0.794586343051585
"WAE","lm",-3.41500388220967,0.0289495824643208,"R2",0.565686814227857
"WAE","rq",7.22858645698779,0.0449484085701912,"R1",0.745300261754341
