"species","model","intercept","slope","gof","value"
"SMB","lm",2.46104452272202,0.0244514328548081,"R2",0.763377147337339
"SMB","rq",8.97180914016039,0.0291317803244706,"R1",0.779897337647152
"WAE","lm",-3.41500388220967,0.0289495824643208,"R2",0.565686814227857
"WAE","rq",7.22858645698779,0.0449484085701912,"R1",0.742318814467509
